file_name,caption
3.jpg,A car with a 3 ply foil coated heat proof waterproof car cover.
11.jpg,Floor mats for four to seven seat cars
14.jpg,High end 6D car carpeting with a 10 year warranty and no refund policy.
19.jpg,High end 6D car floor mats for 5 7 24 seats.
21.jpg,A 3 layer protective cover for your vehicle
22.jpg,Three plywood car hoods for added protection
26.jpg,A USB Bolero for cars that plays lyrical youth and remix hits.
47.jpg,A car with 3 layer insulated sheets.
54.jpg,A car canopy with reflective aluminum coated 3 plywood for heat fire and rain protection.
56.jpg,A versatile and economical 6D floor reinforced leather carpet for four to seven seats.
57.jpg,New deluxe floor mats for four to seven seat cars.
63.jpg,Car floor mats for 4 7 seats and pickup trucks
72.jpg,Top covers with reflectant heat resistant and water resistant features.
76.jpg,A multi purpose carpet for four to seven seats.
80.jpg,A smart car air mattress
89.jpg,Deluxe durable floor mats for four or seven seats
101.jpg,A USB stick with 1200 songs for your car.
103.jpg,Hanoi car leather seats
110.jpg,Hanoi car seats with 7 years of workmanship.
115.jpg,Imported Deestone truck tires.
117.jpg,Premium auto floor mats
125.jpg,A 9.66 inch full touchscreen Acumen cruise camera with mirror functionality.
128.jpg,Smart car seats that turn into beds for a comfortable trip.
133.jpg,A workshop specializing in high quality leather seat wrapping.
141.jpg,6D car floor mats for your car.
157.jpg,A set of 3 layer insulated canes
159.jpg,A set of 6D car floor mats
182.jpg,A car protected by a three ply high end aluminum sheet.
194.jpg,A set of three plywood coated vehicle protection baits.
195.jpg,High end car interior color change service
203.jpg,A super high end ceramic crown for a gorgeous smile.
204.jpg,High tech ceramic crowns for all 16 teeth at an 80% discount
206.jpg,A set of 16 full size ceramic crowns for a perfect smile
212.jpg,Denture crowns made from premium porcelain
217.jpg,Nevada International Dentistry   Your solution for dental problems.
222.jpg,Superlas 6D ceramic crowns exclusively available in Nevada.
225.jpg,A set of 5 porcelain gifts imported from Germany.
232.jpg,Premium porcelain teeth at 80% off discount
247.jpg,A German ceramic crown for Christmas Eve.
248.jpg,Implant placement comprehensive solution without restoration of the missing tooth.
250.jpg,High tech porcelain crowns
255.jpg,High quality full arch ceramic crowns from Germany
259.jpg,A porcelain piece with a thickness of 0.2mm or less.
261.jpg,Ceramic crowns for teeth
270.jpg,All ceramic teeth that enhance your appearance and improve functionality.
274.jpg,High quality porcelain teeth for a beautiful smile.
278.jpg,High end full ceramic crowns for a beautiful smile.
280.jpg,Brand new ceramic teeth with 3D technology
291.jpg,Premium ceramic crowns for a perfect smile.
298.jpg,Exclusive Da Nang ceramic media
307.jpg,High tech ceramic crowns
308.jpg,German ceramic crowns for a perfect smile
313.jpg,Porcelain teeth for men
323.jpg,Ceramic cost funding for the 15 early registered brothers.
334.jpg,A package of 16 porcelain teeth at a discounted price
337.jpg,Full denture dental technology with complete ceramic teeth
362.jpg,Transform your smile with porcelain laminate veneers.
365.jpg,High end German complete denture with ceramic crowns
396.jpg,German high end complete denture crowns
406.jpg,A collection of 16 complete sets of genuine ceramic teeth with a high tech ceramic crown.
411.jpg,Ceramic crowns for 10 teeth at a discounted price
416.jpg,Porcelain coating kit for 10 bad teeth at an 80% discount
422.jpg,A consultation call for improving your teeth
425.jpg,High end ceramic crowns for a natural and flawless smile.
427.jpg,High quality ceramic crowns made of imported porcelain.
442.jpg,Full dentures with a beautiful smile and good fortune.
449.jpg,High tech ceramic crowns at a discounted price
454.jpg,A two sided south windbreaker
455.jpg,Air conditioned slip on shoes at a discounted price
456.jpg,Alligator shoes made from high end first class alligator leather.
459.jpg,Hand stitched boots on sale
460.jpg,A special offer: One pair of shoes for every pair purchased delivered within 30 days.
461.jpg,A product for women.
463.jpg,Stylish business shoes for men
464.jpg,Massage padded design with genuine handmade sewing.
465.jpg,Luxury limited edition hand made designs with precise exquisite threading.
467.jpg,A cow leather shoe at a discounted price of 399k with free shipping.
469.jpg,Jeans with nanofiber coating for long lasting quality.
472.jpg,High Quality Women's Shoes
478.jpg,Stylish leather loafers with a one year warranty.
479.jpg,A new style of lightweight and comfortable walking shoes for girls.
480.jpg,A stylish gemstone sandal for the modern lady.
481.jpg,Stylish female footwear with a light finish
484.jpg,Supersoft shoes the new 2020 model.
487.jpg,Italian loafers made with refined yarn at a discounted price
490.jpg,Quality shoes to add style and confidence.
492.jpg,A pair of 4.0 heeled athletic shoes for men
494.jpg,winter shoes for men
496.jpg,cow leather sandals
499.jpg,Limited edition high quality and refined attire.
504.jpg,Black Friday Super Hunt Deal
507.jpg,sport shoes for man
508.jpg,20 pairs of breathable loafers made from real cowhide.
511.jpg,Custom designed flawless handmade product with a five year warranty
513.jpg,Beautiful shoes with breathable and deodorant features now 70% off for $299.
518.jpg,Extra comfortable classy leg block design.
522.jpg,Super lightweight breathable cool feminine shoes on sale.
524.jpg,Stylish imported high quality lady
528.jpg,100% handmade Italian quality shoes for men.
529.jpg,A product with a five year warranty and free delivery.
537.jpg,Genuine beef jerky with lasting stitch
542.jpg,Air conditioned breathable sneakers at a super low price
545.jpg,Hand made cowhide pumps
550.jpg,A buff dresser for middle aged men.
563.jpg,Brand name capris at 70% off
573.jpg,High quality silk shirts for gentlemen.
578.jpg,Korean style shirt for men
581.jpg,shorts for men
585.jpg,A waterproof nanocluster jacket
590.jpg,A stylish blouse made of high quality linen.
596.jpg,LC wind suits for men
606.jpg,Henley striped cropped sleeves for gentlemen
616.jpg,Elegant silk shirts at discounted prices
620.jpg,A high end leather belt with a crocodile design.
625.jpg,A stylish jacket for men.
630.jpg,A stylish blazer for the fall/winter season.
632.jpg,A standard youth form shirt for hiding the gentleman
637.jpg,2020 fashion trend: Relaxed cool stretchy denim spandex.
639.jpg,Young Chinese collared tunics for a striking look.
643.jpg,T shirts from over 300 local brands at Dosiin sale
644.jpg,A classy low cut blouse from King
646.jpg,A pair of khaki pants with elastic back and breathable fabric.
671.jpg,A business style tank top from LADADO Fashion Accessories
672.jpg,The 2020 business class jacket
675.jpg,A modern style breathable man
681.jpg,A cool elegant chic blouse for gentlemen.
682.jpg,Midi jeans for men made from stretchy and breathable fabric.
689.jpg,Wedding vest models with immediate delivery
692.jpg,A business suit model for gentlemen.
694.jpg,The 2020 business class T shirt
699.jpg,A high end men
702.jpg,A stretchy polo shirt for exercise
704.jpg,Latest trends in men
709.jpg,Crocodile Polo   Size range: 50 105 kg
715.jpg,A collection of 100 high end business suits for gentlemen.
719.jpg,A high end T shirt with a significant discount.
720.jpg,Trendy fall and winter cotton clothing.
721.jpg,A combo of two pants for a stylish look.
722.jpg,Stylish boxed shirts and sweaters
725.jpg,A stylish and classy 2020 business tank with soft and breathable fabric.
747.jpg,A collagen cream for deep conditioning and tan beating.
772.jpg,A cleanser for blind pimples and inflamed acne
773.jpg,A special offer on stretch mark products.
799.jpg,A jar of Merawhite cream for dark spots and dark spots.
807.jpg,A jar of Korean tanning cream with facial collagen technology.
844.jpg,An effective solution for dark spots on the skin.
889.jpg,Article for 40 year old women with dark spots.
891.jpg,Merawhite Skin Conditioning Cream Nan
892.jpg,A white smooth body cream that absorbs deeply without feeling greasy.
909.jpg,A nanotechnology duo for eradicating dark spots freckles and combating aging.
931.jpg,Pk24 Pinkers Skin Nan   Enhance your confidence and make him love you more.
952.jpg,Scar de escalation treatment for pitted and indented scars dark stretch marks and long term scars.
956.jpg,Authentic products at up to 50% off discounts
1003.jpg,Merawhite Cream for Melanoma Nan
1030.jpg,A skincare solution that targets blind pimples and inflamed acne.
1038.jpg,Non medication products for pinkish smooth natural skin.
1043.jpg,Favita Plus   Cream for dark spots regaining youth in short times.
1071.jpg,A product that blurs wrinkles and clears eye bags.
1090.jpg,A product to reduce insulin injection and restore the pancreas.
1099.jpg,A product for stabilizing blood sugar in individuals with diabetes.
1101.jpg,A product to assist with avoiding complications for diabetics.
1104.jpg,Satochi fumigotes products for people with diabetes
1113.jpg,A glucose meter for monitoring blood sugar levels.
1115.jpg,Genuine diabetic effervescent tablets for at home use.
1117.jpg,A natural product for managing diabetes without harming the liver or kidneys.
1124.jpg,Japanese technology breakthrough for managing diabetes complications.
1125.jpg,Health insurance incentives for diabetes management
1126.jpg,A science based solution for chronic diabetes.
1132.jpg,Advanced technology health product for people with diabetes.
1141.jpg,A safe and effective solution for managing type 1 and type 2 diabetes.
1146.jpg,A product for managing diabetes symptoms
1147.jpg,A new diabetes method adopted by Vietnam using German technology.
1148.jpg,Health insurance coverage for type 1 and type 2 diabetes.
1149.jpg,A product to manage high blood sugar in Type 1 and Type 2 diabetes.
1150.jpg,A product for managing persistent atherosclerosis.
1152.jpg,A product for managing diabetes without drugs.
1158.jpg,Incentives for diabetic support
1159.jpg,A product for fatty liver and high liver enzymes
1160.jpg,A glucose meter for diabetes patients
1163.jpg,A non drug product for managing low blood sugar in diabetics.
1176.jpg,A solution to stop Type 1 and Type 2 diabetes at home.
1179.jpg,Non drug products for managing type 1 diabetes
1180.jpg,A supplement that helps regulate blood sugar and diabetic complications.
1184.jpg,Insured science for type 1 and type 2 diabetics.
1185.jpg,Health insurance for people with diabetes
1186.jpg,Non medication products for blurred vision elevated blood pressure skin infection numbness and pain in limbs.
1190.jpg,An effective at home solution for stable blood glucose levels.
1191.jpg,Satochi diabetes ice cubes for people with diabetes.
1192.jpg,Oral tablets that affect blood glucose levels for diabetics.
1195.jpg,A cost effective liver saving option for diabetes with free counseling.
1204.jpg,Authentic Diabet Products
1207.jpg,A popular fizzy tablet that helps improve blood sugar for long term diabetics
1214.jpg,Non drug diabetic solution for morning and night
1217.jpg,Diabet Aspirate diabetes mellitus products for managing type 2 diabetes.
1219.jpg,A diabetes effervescent with new nanotechnology.
1222.jpg,A method for managing Nocturia and numbness of the limbs.
1232.jpg,Satochi fumigotes   Non drug products with no alternatives.
1238.jpg,Effervescent tablets for regulating blood sugar and managing diabetic complications.
1244.jpg,A product for people with diabetes
1253.jpg,A product for managing hypoglycemia and diabetes at home.
1258.jpg,The new German method for managing type 1 and type 2 diabetes.
1277.jpg,Non drug products for fatty liver
1296.jpg,A solution for diabetes management
1300.jpg,A product to help manage and prevent diabetes complications.
1309.jpg,Satochi diabetes ice cubes
1311.jpg,Diabet   A solution for long term diabetes and numbness in limbs.
1318.jpg,Get a discount for diabetes with health insurance.
1323.jpg,A product for regulating blood sugar for diabetes.
1330.jpg,A solution for chronic diabetes or numbness of limbs tiredness.
1332.jpg,A safe and cost effective product for managing diabetes.
1336.jpg,A Nano based diabetic effervescent tablet for type 1 and type 2 diabetes.
1340.jpg,A natural daily insulin recovery pill for diabetes prevention.
1344.jpg,Satochi fumigotes Non drug products for diabetic patients.
1345.jpg,A product for managing home hypoglycemia in diabetes.
1348.jpg,Products for long term diabetes management
1351.jpg,Diabet a non medicinal alternative for managing diabetes.
1356.jpg,A new oral hypoglycemic park that is safe and effective when taken twice daily.
1378.jpg,A stylish Korean dress
1382.jpg,A fleece lined women
1390.jpg,YODY fashion shop opening hoodie life jacket
1434.jpg,clothing set with minimalist style for women
1441.jpg,A natural waistline reduction with a pearly waist
1463.jpg,Two layer padded sheepskin lightweight garment for a tall and slim appearance.
1469.jpg,Designer dresses available at Japan Vy Boutique.
1478.jpg,A high end double layer fleece sweater for women
1480.jpg,Participate in the 25K T shirt Christmas program.
1484.jpg,A fine Korean suit.
1485.jpg,shirts with silk for women
1499.jpg,An ultra gorgeous voile dress
1500.jpg,A chic coat that highlights a woman
1505.jpg,Khaki shorts for women
1506.jpg,A gorgeous flowing dress
1514.jpg,Limited edition high end designer tribute.
1543.jpg,A set of senior female felt accessories
1569.jpg,A 2020 sweater with a thick jacket.
1580.jpg,Korean coats that embody success elegance and class.
1599.jpg,A set of 6 high waisted underwear
1600.jpg,A 2020 coat of arms depicting a pretty girl in good shape.
1603.jpg,Spotless fat reduction for a perfect silhouette in 90 minutes.
1606.jpg,A weight loss session at Sohee Korea Beauty salon
1630.jpg,A biologic long term fat reduction treatment for multiple areas of the body.
1632.jpg,reducing weight
1642.jpg,Beauty salon services at Sohee Korea Beauty salon Nan.
1643.jpg,A one time diet for fat loss with performance guarantees
1660.jpg,A miracle fat busting smoothie that targets fat and aids in weight loss.
1667.jpg,Achieve the same results as 2 months of gym membership with just 45 minutes of physical activity.
1672.jpg,A skin care regimen with a doctor at home for healthy skin.
1673.jpg,VIP ticket for muscle lift wrinkle removal and skin rejuvenation technology
1683.jpg,Yellow scale curve loaded in just 45 minutes
1686.jpg,A program to reduce belly fat and regain waist tone for Saigon sisters.
1702.jpg,Lip tattooing technology sponsored by Hồ Ngọc Hà at a 70% discount only 1.490k. Three year warranty.
1704.jpg,Machine assisted 8 centimeter fat reduction
1706.jpg,Bioluminescence spray for beautiful lips
1728.jpg,Fast and effective skin care and axillary hair removal at Sohee.
1730.jpg,A program that helps you lose girth with guaranteed results
1731.jpg,Sohee International Beauty salon offers waist reduction sessions.
1734.jpg,A table with a new tech experience
1739.jpg,Stem cell lip spray
1751.jpg,Bioregulation session at Sohee for effective fat loss
1754.jpg,Obesity reduction program for sisters in Da Nang with waist size 56.
1791.jpg,A 10 speed fat reduction session guaranteed to be effective quick and safe.
1804.jpg,A beauty salon session with Ho Ngoc Ha at Sohee beauty salon Nan.
1809.jpg,A session at Lamia International Salon for long term fat loss.
1827.jpg,Spray tattoo with Swiss ink and micro point needle tip.
1836.jpg,Investment priced villas near Madriệu Street
1839.jpg,An eco urban area with modern infrastructure and international hospitals.
1844.jpg,Investment opportunity to own a land lot in Hau Giang province
1851.jpg,Residential properties available at Tien Loc Garden
1852.jpg,Hai Duong Ecorivers Apartments
1853.jpg,2 bedroom apartments with diverse designs and MB bank guarantee.
1860.jpg,Luxury villas in the heart of Hanoi
1870.jpg,The best block New Galaxy at the front of Thong Nhat Road
1882.jpg,Bay view apartment in The Ruby Ha Long Project Cao Xanh Beach View Ha Long Quang Ninh.
1883.jpg,A permanent ownership sea product with a 3 view beach house.
1884.jpg,Hot mineral sale in Thanh Thuy Phu Tho Nan
1885.jpg,Green Villas located on Thang Long Avenue.
1889.jpg,An apartment with a view of the Saigon River on Highway 13.
1890.jpg,A spacious 3 bedroom apartment with a Red River view on the 14th 17th or 18th floor.
1893.jpg,Residential facilities in Hamilton Duc Hoa urban area Long An with a view of a 3.5 ha ecological lake starting at 800 million VND. Get a ride to the project with a base pay of $240.
1895.jpg,A newly built house available for immediate use.
1896.jpg,High end apartments available for immediate purchase with flexible 1% monthly installments.
1898.jpg,Central beachfront apartment available for sale and lease at Pullman Quy Nhon.
1899.jpg,Affordable houses in Bau Bang Binh Duong Street
1900.jpg,A luxurious penthouse suite in Lake Tram by NEPRO.
1907.jpg,A permanently owned hotel apartment in Ha Long
1923.jpg,A luxurious five star villa in Hoa Binh with a swimming pool.
1924.jpg,"The official launch of the ""Rừng trong phố"" apartment block at EcoPark green city."
1928.jpg,The Astral City project located on Highway 13.
1929.jpg,Permanent residence at The Aston Luxury Residence on Tran Phu street.
1932.jpg,Luxury villas with a private marina
1935.jpg,Investment opportunity for special prestige and high returns.
1941.jpg,A project with an exclusive night market and BP
1942.jpg,Park Kiara Estate   A new residential development with 8 units per floor.
1945.jpg,A house located on 25th Street opposite the Ha Long Public Administration Center.
1947.jpg,smarthome having two bedroom at Bien Hoa city
1949.jpg,Complete hip handover on Central Street.
1951.jpg,A project offering preferential discounts and 24/7 shuttle service in Bien Hoa City.
1955.jpg,Class A apartment with a view of a 14ha park and My Dinh Stadium.
1962.jpg,Luxury apartments in LDG Sky Binh Duong Province
1966.jpg,Land for sale at Cai Mep port
1970.jpg,A villa in EcoPark Vietnam
1976.jpg,Sun Valley Central Park   The ultimate vacation destination in Bảo Lộc
1977.jpg,Three story villas in Green Villas Hoa Lac
1978.jpg,Bao Loc eco medical temple Medi Ecovil with separate rose book for each floor.
1979.jpg,A luxurious penthouse apartment with 2 bedrooms in the heart of Hoàng Mai.
1980.jpg,Own the Phan Thiet   Mui Ne beachfront resort for just $850 million.
1984.jpg,Luxury spa apartments with high investment profit potential.
1994.jpg,Aqua City Phoenix Island in sale in the first phase
1995.jpg,Industrial park land for sale in An Binh Golden Town
1996.jpg,Luxury seafront apartments in The Maris Resort downtown Vung Tau City.
1998.jpg,Permanent pink Wyndham Coast beach apartment in South Phan Thiet
2001.jpg,Beachfront villa shop in Phu Yen
2002.jpg,Para Grus   The first real estate division in KN Paradise adjacent to KN Golf Links.
2004.jpg,A waterfront apartment with ocean views
2006.jpg,Auctioned land in Tien Hai Thai Binh with complete infrastructure and legal status.
2007.jpg,Saigon central resort apartment priced at 1.8 billion with a 30% prepaid requirement.
2008.jpg,EcoView Richtown   A suburban residential project in Da Lat Vietnam
2010.jpg,An Bang beachfront villa for sale at Shantira Villas
2012.jpg,Long term ownership of a beach apartment in South Phan Thiet beach.
2013.jpg,Invest in land with a 4 year capital investment in Kosy City Beat Thai Nguyen.
2015.jpg,Invest in Ha Long beach hotel for long term profits.
2017.jpg,5676 m2 of land with two frontal sections of national highway 1A in Hung Loc commune Thong Nhat district Dong Nam province Nan.
2019.jpg,A high class apartment in Bien Hoa city located on National Highway 1A.
2025.jpg,Affordable land in Thuan An city center
2030.jpg,A 2 bedroom apartment with an additional room at Vinhomes Ocean Park.
2032.jpg,Luxury apartments with individual gardens at SolForest EcoPark
2034.jpg,Riverside Villa   The Manhattan Glory
2037.jpg,The beautiful S10   Origami subdivision in Vinhomes Grand Park District 9.
2048.jpg,Invest in a two bedroom apartment in South Saigon at La Partenza
2050.jpg,A villa located in the heart of Bien Hoa city suitable for garden houses and villas.
2051.jpg,A model urban center in Vung Tau city.
2056.jpg,A street house in Chon Thanh industrial park Binh Phuoc.
2058.jpg,Prime location with a National highway faade opposite the administrative centre.
2064.jpg,River view houses in District 7 with a special price of 21 million/m2
2068.jpg,Lavida Residences   Block houses villas and shophouses.
2069.jpg,Villas for sale in Khai Son Hill Long Bien
2072.jpg,A sea based property with high investment potential.
2087.jpg,Sign up now for a home   living plan with a $500000 price tag and $300 monthly payments.
2089.jpg,Three year homeownership policy with a maximum interest rate of 16%
2094.jpg,An apartment at An Phu Binh Duong roundabout for only 1 billion.
2097.jpg,A five star house in Mui Ne beach for only 500 million.
2099.jpg,The Matrix One   A class A international residential center west of Hanoi.
2104.jpg,Bcons Plaza Apartments Campus Village
2105.jpg,A beautiful house in the Phoenix South Peninsula subdivision.
2106.jpg,Adjacent villa in the Onyx Project Melbourne
2115.jpg,Modern apartments with high end deals and big discounts.
2116.jpg,A 2 storey duplex in a busy urban area.
2125.jpg,Hot minerals for sale in Thanh Thuy with a free gold plant giveaway.
2127.jpg,A luxurious penthouse in private ownership.
2129.jpg,Booking offers a $100 million development by a New York based conglomerate.
2137.jpg,The Blue Mansion in the heart of Hanoi
2138.jpg,A lake view apartment near Ba Khoa International and Thu Duc University of Natural Sciences.
2142.jpg,Shophouses with 72 m2 area four floors and a 5m facade.
2151.jpg,A street house in Chon Thanh industrial park Binh Phuoc.
2154.jpg,Homecoming Villas   Leading trendy residential area in the vibrant west of Hanoi
2156.jpg,A 5 Fronts apartment on Nguyen Van Linh street with full legal status.
2161.jpg,Own a house in 2020 with interest rate support for up to 2 years.
2162.jpg,Smart apartments available for sale at Vinhomes Smart City GS3 apartment building.
2167.jpg,Motorway frontage apartment in Hanoi Bien Hoa city
2176.jpg,An ABS Vespa scooter with a special 30% discount.
2178.jpg,A luxurious apartment building with a garden at the EcoPark project.
2181.jpg,A two bedroom beach apartment in Ha Long for sale.
2192.jpg,High end apartments in HCM city
2199.jpg,Aqua Park house in Bac Giang Real Estate
2200.jpg,Investment opportunity in Century City
2201.jpg,Berriver Jardin luxury condominium
2208.jpg,Consulting for hair loss and baldness treatment
2209.jpg,A hair product that prevents white hairs and hair loss.
2220.jpg,Japanese blackening tablets for long term hair loss without signs of improvement.
2223.jpg,A pill for thick shiny black hair without graying falling or balding.
2235.jpg,A temporary silver hair plucking treatment
2236.jpg,A hair product with a new formula from Japan that revives white hair.
2242.jpg,A hair product that can darken hair color.
2250.jpg,Tablets for reversing gray hair to black
2262.jpg,A cup of tea representing youth.
2267.jpg,A Japanese herbal tablet application for hair loss and white hair.
2290.jpg,A hair product that helps blacken gray hair and promote thick hair growth.
2293.jpg,A solution for hair loss hair fibrosis aging and balding.
2307.jpg,An essential oil for silver hair maintenance.
2309.jpg,A hair solution to darken prevent and improve long term hair loss.
2323.jpg,An effective method from Japan to treat gray hair.
2325.jpg,Effective black hair growth aids from Genuine Haco.
2328.jpg,A cup of tea that keeps you feeling young.
2330.jpg,Tablets for blackening gray hair without chemicals or irritation.
2339.jpg,A hair product for preventing hair fall and graying.
2343.jpg,High quality hair darkening tablets from Japan
2351.jpg,A product that thickens and darkens hair roots.
2353.jpg,Hair loss prevention and blackening pills
2357.jpg,A solution for black hair restoration for braiding.
2359.jpg,Non drug youth saving products
2368.jpg,Black hair pills that effectively prevent hair loss for middle aged men.
2383.jpg,Non drug products for relieving shoulder and neck pain knee pain hernias and osteoarthritis.
2385.jpg,A solution for degenerative long standing hernias with a 50% discount
2386.jpg,An effective at home solution for osteoarthritis
2390.jpg,An effective at home solution for hand joint pain neck pain spondylosis and long standing hernia.
2393.jpg,A solution for back pain osteoarthritis and L4 L5 hernias
2396.jpg,A solution for knee pain bone pain and joint pain.
2397.jpg,An herbal remedy for back pain bone and joint pain and degenerative hernias.
2399.jpg,Ming Tang joint capsule for hernias degenerative conditions and joint numbness.
2401.jpg,Relieve back pain with our products
2405.jpg,Articles on managing polyarthritis and numbness of limbs.
2409.jpg,A product for relieving back pain degeneration and herniated discs
2413.jpg,A solution for degenerative herniated knee pain and joint numbness.
2414.jpg,Products to help with C4 C5 or L4 L5 inflammation.
2417.jpg,Non medication products for relieving back pain and osteoarthritis
2421.jpg,A solution for back pain caused by degenerative herniated discs.
2423.jpg,Non medication products for back pain C3 degenerative C4 L4 L5 hernias and knee pain.
2435.jpg,Products for spinal cord compression relief and joint pain improvement.
2440.jpg,Products for joint and bone pain relief
2453.jpg,A solution for degenerative and herniated spine conditions.
2460.jpg,Non medication products for quick fixes for low back pain and degenerative disc herniation.
2467.jpg,A safe and easy to use product for disc herniation and osteoarthritis.
2473.jpg,A home based non drug product for smooth bone and joint health.
2477.jpg,A solution for back pain neck and shoulder pain and numbness in limbs.
2481.jpg,A high quality product for osteoarthritis pain and sciatica relief.
2482.jpg,A home based solution for C34 degeneration and L45 hernia.
2483.jpg,A product to relieve shoulder and neck pain for better sleep
2486.jpg,A non drug product for joint disease relief
2487.jpg,Khang Binh product joint capsule for pain relief and osteoarthritis.
2491.jpg,A solution products for back pain shoulder and neck pain and joint pain.
2493.jpg,Home based non medicinal tablets for polyarthritis and degenerative diseases
2501.jpg,A solution product for chronic joint pain.
2502.jpg,Safe and effective products for degenerative hernias in the C4 and C5 vertebrae as well as the L4 and L5 vertebrae.
2505.jpg,A solution for degenerative herniated and arthritis related shoulder and neck pain.
2514.jpg,Non medical products for back pain relief
2515.jpg,Dai Viet Match Capsule   A solution for sore shoulder and neck
2516.jpg,Home based products for C4 degeneration and C5 herniated L4 L5.
2522.jpg,Products for bone and joint pain relief
2523.jpg,Products for C4 and C5 degeneration and L4 L5 hernia.
2524.jpg,A non drug product for hernia degeneration and bone/joint complications.
2550.jpg,A handy trick for relieving acute spinal pain numbness and joint stiffness at home.
2552.jpg,Efficient savings products for knee effusion polyarthritis degenerative conditions and hernias.
2558.jpg,Simple and economical products for C34 and L45 hernias.
2561.jpg,A new direction for osteoarthritis treatment.
2573.jpg,A safe and effective product for spotless elimination and fat busting without exercise.
2575.jpg,A weight loss product made with precious herbs
2578.jpg,Premium weight loss solution for belly and thighs at home
2580.jpg,Weight loss solutions for girls who love to eat without worrying about fat buildup.
2583.jpg,A solution for eating well and losing weight.
2584.jpg,Natural herbs for effective fat reduction in a few weeks.
2586.jpg,A method for weight loss and body fat reduction.
2588.jpg,A product for reducing stomach fat and losing weight quickly.
2595.jpg,Get in shape for spring with our safe weight loss program.
2598.jpg,A product that promotes rapid fat loss and body trimness.
2600.jpg,A simple solution for reducing waist size
2602.jpg,Ultra simple fat support for waistline reduction
2603.jpg,A weight loss product that helps reduce belly fat over a few weeks.
2606.jpg,Effective fat reduction products
2607.jpg,A safe and effective product for at home fat loss.
2611.jpg,An herbal weight loss product for safely and effectively losing fat including belly fat and beer belly at home.
2614.jpg,An effective at home solution for reducing belly fat.
2616.jpg,A belly fat removal product for home use.
2619.jpg,An effective weight loss solution for home use.
2620.jpg,An at home product for long term abdominal fat loss
2624.jpg,Slimvita Plus Weight Loss Tablet
2626.jpg,Goga Non drug products for weight and fat loss.
2640.jpg,A fat busting product for reducing belly fat
2645.jpg,A weight gain product
2647.jpg,A product for reducing body fat and specifically targeting fat buildup in the abdomen and thighs.
2648.jpg,Slimvita Plus weight loss tablets
2650.jpg,Weight loss products for trimming fat slimming the waist and getting back in shape.
2653.jpg,Products for fat loss weight loss and rapid weight loss after a few weeks
2657.jpg,Weight loss method
2662.jpg,Fat loss products
2671.jpg,Deep fat reduction of abdominal fat non drug product
2675.jpg,Super weight loss product
2678.jpg,Natural herbal medicine for reducing open up in the stomach area
2685.jpg,Non drug products for safety efficiency and convenience.
2689.jpg,A product that saves lives by removing belly fat and freeing stuck limbs.
2696.jpg,A product for reducing stomach and thigh fat
2704.jpg,A safe at home fat loss product for the abdomen buttocks and thighs.
2708.jpg,Herbal based fat loss product
2711.jpg,A product for rapid tanning of stored body fat.
2713.jpg,A braided product with added fat
2717.jpg,Fast and safe weight loss shakes
2718.jpg,A weight loss program for safe and effective weight loss at home.
2719.jpg,The effects of seven days of celery juice on weight loss.
2722.jpg,A safe and effective body fat reduction and abdominal fat tanning product
2726.jpg,A product for weight loss and belly contraction.
2728.jpg,A product for reducing abdominal weight and supporting fat burning.
2729.jpg,A weight loss supplement
2731.jpg,Products for belly fat thighs fat excess body fat and uncontrolled weight gain.
2737.jpg,A product for losing a pot belly after one session.
2740.jpg,Home fat loss products for reducing excess fat and preventing new fat
2742.jpg,Weight loss effervescent tablets
2753.jpg,Excess fat excretion products
2754.jpg,A product for rapid fat loss and massive weight loss of abdominal thigh and upper arms fat.
2762.jpg,A product for long term adipose tissue removal with precious herbs for atopic patients who are difficult to reduce weight loss   fat loss
2767.jpg,A weight loss product for both men and women easy to use non drug alternative.
2768.jpg,An efficient and convenient at home solution for slimming your stomach and reducing fat.
2769.jpg,A safe at home fat loss product
2771.jpg,A product for safe and effective fat reduction in specific areas at home
2776.jpg,A home fat reduction product for safely eliminating excess fat
2781.jpg,A product for losing fat on the stomach buttocks and thighs.
2789.jpg,Dream Slim Glow Skin tone Leather Cream and Dream Slim weight loss effervescent tablet
2795.jpg,A product for reducing belly fat and achieving a slimmer physique
2796.jpg,A product suitable for long term obese individuals with high blood fats and difficulty losing weight.
2802.jpg,A weight loss product for paunchy long term obese people.
2805.jpg,Herbal based fat loss product
2808.jpg,Weight loss and waistline products for better posture
2812.jpg,Safe and effective weight loss non drug products
2815.jpg,A weight loss solution for reducing body fat in multiple areas.
2820.jpg,A safe and effective product for reducing abdominal fat and toning the abdomen.
2823.jpg,A product for reducing belly fat and preventing fat buildup.
2828.jpg,A Happiness Weight Loss Supplement
2829.jpg,A safe at home fat loss product
2831.jpg,Products for weight loss and confidence
2836.jpg,Fat cleansing product for belly butt and thighs.
2837.jpg,A product for rapid fat reduction in desired areas.
2839.jpg,A product for fat loss and weight loss
2840.jpg,A product for safe belly fat reduction at home.
2844.jpg,A weight loss product for slimming the waistline.
2845.jpg,A safe and effective at home fat reduction product for targeted areas like the abdomen and thighs
2846.jpg,A slimming product for reducing fat in the abdomen thighs buttocks waist
2848.jpg,A safe non fattening product for reducing fat areas
2849.jpg,Waist fat reduction product for sedentary people
2853.jpg,Body fat reduction products
2862.jpg,Long term beer belly obesity reduction products
2863.jpg,A product for reducing the size of the second ring narrowing thighs and upper arms.
2865.jpg,A method for simple and safe weight loss
2866.jpg,Effective weight loss pills for abdominal obesity and long standing obesity.
2867.jpg,A trial weight loss product
2873.jpg,A smart desk with computer cooling fans and a folding design.
2874.jpg,Heavy duty moving kits
2877.jpg,A self cleaning mop
2879.jpg,A set of 10 dropper valves for irrigation.
2881.jpg,High quality wood renewal product
2883.jpg,High end stainless steel cutlery
2886.jpg,Eccentric orthopedic and tarpaulin umbrellas manufactured by Mingjing Umbrellas Nan
2887.jpg,A set of products available for $169
2893.jpg,A Foodcom 304 stainless steel cutting board
2895.jpg,A shower that boosts water pressure
2896.jpg,A set of stainless steel high quality knives
2897.jpg,Super hydrophobic tape for all surfaces
2900.jpg,A self sustaining vegetable garden for your home.
2901.jpg,Technological equipment for reducing food spoilage with vacuuming and plastic bags.
2902.jpg,A tool that increases a person
2905.jpg,A water quality treatment kit
2908.jpg,A one box bathroom sensor with a built in toothpaste holder and magnetic cup.
2910.jpg,A coffee maker that brews a perfect cup of coffee in three minutes.
2911.jpg,An ice cream dispenser with a high end cup holder
2922.jpg,Smart folding workbenches with computer cooling fans
2924.jpg,A strong lever lift with four wheels
2928.jpg,An anti bacterial 304 stainless steel cutting board
2930.jpg,A 150% pressure shower with a temperature sensor.
2932.jpg,Super absorbent tape
2934.jpg,A complete set of sharp knives and clean cutting boards.
2935.jpg,A high end oak folding desk
2941.jpg,A heavy duty moving kit for technological equipment.
2945.jpg,Heavy duty moving equipment
2946.jpg,Okoda mosquito netting machine
2950.jpg,Weight free transportation device for home
2951.jpg,Hand held mini alters for quick flat clothes
2953.jpg,Traditional flavor center with natural aroma
2954.jpg,A self wiping mop with a wringer
2956.jpg,Long lasting and delicious food
2958.jpg,A sharp knife grinder
2959.jpg,Limited quantity valuable and attractive gifts for over 1 million customers
2977.jpg,Anti fouling solutions for countertops and basins with natural stones.
2979.jpg,A smart modern sensor trash can
2982.jpg,A stainless steel cutting board by Foodcom.
2992.jpg,A high pressure nozzle with a 360 degree rotating head
2994.jpg,A smart self cleaning toilet upgrade for old toilets.
2996.jpg,A bathroom organizer for cosmetics
2997.jpg,Aluminum coated kitchen adhesive sheets
3002.jpg,Weight bearing locomotives
3009.jpg,A shipment of 10000 meter super resolution fast focus one eyed binoculars
3010.jpg,A versatile 12 in 1 tool set
3012.jpg,A wood saw with a grinder mounted saw blade set
3013.jpg,Set 6 items knife
3021.jpg,A family friendly coal stove for outdoor parties
3022.jpg,A 10 cm wide and 5 m long roll of Unwet super glue.
3027.jpg,A portable mini cruise gas stove
3028.jpg,A new generation grinder for knives
3029.jpg,A product for unclogging drainage pipes
3035.jpg,A set of home steam tools
3038.jpg,A collection of 30 high end autographs for successful entrepreneurs
3043.jpg,A self cleaning mop
3046.jpg,A business class laptop file bag made of 100% cowhide leather.
3050.jpg,Premium jeans with a one year warranty
3054.jpg,European style leather purses
3057.jpg,A popular business man purse made from 100% genuine leather.
3061.jpg,Alligator leather bags
3065.jpg,2020 style alligator bags
3068.jpg,Super luxury bags
3069.jpg,A 2020 business bag made from 100% genuine leather
3070.jpg,The BX6 bag for women
3074.jpg,leather wallet for men needle thread
3079.jpg,A backpack containing personal and household items.
3080.jpg,A 30 day trial offer for customers
3083.jpg,Senior female handbags
3085.jpg,Shoes bags and purses with discounts of 30 70% off
3102.jpg,Waterproof office backpack with built in utility charger
3108.jpg,A sophisticated and classy bag on sale at 50% off
3110.jpg,A fancy business purse made of genuine leather with a 24 month warranty.
3112.jpg,Brand new authentic flawless product with a three year warranty.
3113.jpg,A waterproof sports bag
3117.jpg,An anti theft backpack for fashion conscious individuals
3126.jpg,A luxury gentleman handbag from Vina smart Fashion
3143.jpg,A 2020 business bag for men
3151.jpg,A crocodile striped jeans wallet with leather belt included.
3153.jpg,An ultra fast laptop backpack
3155.jpg,New shoes bags and wallets from BST Persona
3160.jpg,A 100% cowhide wallet for business people.
3168.jpg,An anti theft backpack for young people
3172.jpg,A 2020 luxury leather gentleman
3173.jpg,A branded wallet for man with luxurious crocodile leather patterns
3178.jpg,A luxury business bag with gadgets.
3182.jpg,An ultra luxury cowhide clutch CB06 made of real leather.
3198.jpg,A cherry tree that is easy to grow and has good resistance producing fruit all year round.
3202.jpg,Brazilian cherry F1 seedlings
3204.jpg,A unique pentameric bougainvillea with five colored flowers.
3205.jpg,A bottle of Phi Diep Wa God Mountain fragrance
3210.jpg,A red primary rattle
3212.jpg,A five color bougainvillea plant
3235.jpg,Red apple bonsai garden
3238.jpg,Varieties of flowers in all colors including the Gold Chrysanthemum
3247.jpg,Gift of 66666k when registering in China Sale of fish in China Nan
3265.jpg,A plant with five colors from Tianan Bouquets of Five Colours Nan.
3267.jpg,Brazilian cherry F1 tree
3282.jpg,A variety of five color flowers with standard rapid growth
3284.jpg,Confetti marbles for your garden
3298.jpg,A bouquet of five blooming plants in different colors.
3299.jpg,Five colored bougainvillea flowers
3310.jpg,A high vigor bougainvillea with five unique colors.
3313.jpg,A live healthy Bougainvillea plant with five different colors
3321.jpg,Supplies for growing and caring for orchids
3322.jpg,Orchid species conservation center at Hanoi Agriculture University.
3334.jpg,A Thai origin five color paper flower plant.
3339.jpg,Red primary red jackfruit F1 seedlings with high economic value.
3340.jpg,A powerful enzyme for removing pond slime.
3346.jpg,Confetti bougainvillea seedlings from Tianan
3362.jpg,A triple bulb head torch
3364.jpg,A one eye ultra distance smart device with ultra fast focusing and vibration resistance.
3370.jpg,Solar lights for porch lighting
3371.jpg,Specialized LED lights for gateways barns and signs
3372.jpg,A $1 million solar lamp
3375.jpg,3 ultra shock smart wall lights
3380.jpg,IP67 waterproof gate power lights
3384.jpg,A waterproof 40W instantaneous power lamp with full night illumination
3387.jpg,A Lubinski 5 course cigar set
3388.jpg,A self healing sensor solar lamp with continuous illumination.
3391.jpg,An LED bulb that lights up when someone is near.
3394.jpg,A 60% off party with a 12 month warranty
3395.jpg,100 watt solar headlights made of solid aluminum.
3396.jpg,A set of 20 super luminous flashlights from Japan with a steel hull that shines more than 500 meters.
3403.jpg,A super luminal LED flashlight
3404.jpg,A set of solar LEDs with a 2 year warranty
3405.jpg,A powerful fire themed accessory
3409.jpg,A super bright flashlight with a massive payback flood from Japan reaching 500 meters farther and featuring ultra fast technology.
3410.jpg,Solar powered plug in light bulbs with a 3 year warranty.
3412.jpg,Sensor lids that can operate for ten years without power.
3414.jpg,Super bright headlights with 200m maximum illumination
3415.jpg,A set of blow off blow on sensor oil lamps
3422.jpg,A super flashlight from Japan
3434.jpg,A convenient easy to use water resistant and lightning resistant product
3435.jpg,High power waterproof headlamps with four lighting modes
3438.jpg,Oil LED emitting lamps with a plug in rechargeable battery.
3449.jpg,A solar lamp with a 3 year warranty.
3450.jpg,A solar lamp for indoor and outdoor use
3452.jpg,Solar lights with 48 lifetime free leads
3469.jpg,An energy efficient lighting system for lighting the house from the inside to the courtyard
3470.jpg,A unique 4 wheeler light for VC home space illumination
3482.jpg,A long lasting solar powered device for uninterrupted power supply
3485.jpg,Smartly charged LEDs
3487.jpg,Luxuriously decorated lights
3489.jpg,A four way light sensor with a 10 year lifespan and zero electric bill.
3492.jpg,Smart nightlights
3497.jpg,A set of 48 bulb solar lamps
3500.jpg,A fully immersive gold plated machine
3502.jpg,A watch for gentleman
3503.jpg,High end watches with scratch resistant glass.
3509.jpg,Limited edition deluxe castes
3511.jpg,A smartwatch called Nan for smart phones with broken SIM cards.
3515.jpg,A 2020 business automaton with automatic clock functionality
3520.jpg,luxury watch for women
3523.jpg,A fire with 4.0 fingerprint sensitivity
3524.jpg,Luxurious and chic watch for women
3531.jpg,A stylish watch in a hand
3535.jpg,A luxury watch for men
3536.jpg,Parker Diamond signature specimen pen for men
3537.jpg,A female watch on sale for New Year
3539.jpg,Ultra fast Japanese watches made with rustproof steel wire
3542.jpg,A watch available for buy one get one free promotion
3544.jpg,Automatic watches for gentlemen at 70% off
3546.jpg,A lightweight standout product with a strong personality.
3550.jpg,A stylish open watch for the gentleman from 1986 vintage
3552.jpg,A luxury watch and a bracelet for women
3559.jpg,A solution for insomnia and tossing and turning throughout the night.
3560.jpg,A product for fatigue stress and insomnia relief.
3568.jpg,Non drug products for vestibular insomnia
3571.jpg,Products for protecting Vietnamese health
3574.jpg,Non medication products for good sleep
3575.jpg,A product that helps keep parents smart and alert.
3585.jpg,Products for people with headaches dizziness insomnia and other symptoms
3591.jpg,An Than Dan sleep aid for insomnia and sleep disruption
3597.jpg,A product that helps with insomnia sleep apnea and chronic insomnia.
3598.jpg,A method for sleep disruption and insomnia treatment
3604.jpg,Non medication products for a good night
3607.jpg,Scientific method for helping young people be smart
3613.jpg,Natural herbal medicine for sleep deprived individuals
3635.jpg,A solution for insomnia and difficulty sleeping.
3637.jpg,A convenient herbal sleeping park from the Military Medical Institute.
3642.jpg,A product for insomnia chronic headaches and cerebral ischemia.
3647.jpg,Non drug insomnia solution
3652.jpg,A compact and confident drink for women looking to lose body fat.
3669.jpg,Celery diet for weight loss
3673.jpg,Home weight loss strategy for older adults
3677.jpg,Xinjiang tea with shrimp and leaf
3678.jpg,Xinjiang tea buds
3683.jpg,A belly fat flattening and weight loss product for at home use.
3685.jpg,A weight loss product made from natural herbs.
3686.jpg,Finest tea from Xinjiang Thai Nguyen tea shop
3699.jpg,Smoothies for weight loss
3706.jpg,A refreshing easy to drink beverage for hormonal balance and a slim waist.
3707.jpg,A chilled celery smoothie for weight loss
3719.jpg,240g LaVache quiche calcium cheese
3722.jpg,A trendy weight loss drink   Celery smoothie
3723.jpg,"A weight loss drink for preventing fat ""infestation"" and maintaining a slim waist."
3725.jpg,Low sweet bread lines for Vietnamese tastes
3728.jpg,Weight loss smoothies for slimming the waist and body
3730.jpg,Fishy seaweed for a delicious and crunchy snack
3737.jpg,Tips on using celery for weight loss at home.
3742.jpg,Genuine Sitokata Celery powder
3743.jpg,Fast powerful weight loss smoothies
3745.jpg,green caviar
3749.jpg,A natural fat reduction method using celery.
3756.jpg,A product for reducing belly fat and excess fat.
3759.jpg,A bottle of Sitokata Celery smoothie
3763.jpg,Diet products for losing belly fat and achieving a nice body with a slim waist.
3765.jpg,Authentic European imported cold goods
3773.jpg,Effective weight loss cosmetics and beauty products
3776.jpg,Collagen powder for youthful skin
3783.jpg,A cool refreshing smoothie in 15 seconds.
3804.jpg,Cosmetics & Beauty products for achieving the perfect body shape.
3818.jpg,Celery for effective weight loss
3824.jpg,Thai Nguyen Green Tea Cooperative Xinjiang Dai Phat (Great Tea)
3832.jpg,The Yen Pole Sai Gon
3840.jpg,Xinjiang tea specialty
3848.jpg,A product for slimming hips improving posture and reducing body fat.
3856.jpg,Sitokata Celery powder for weight loss
3863.jpg,Celery for weight loss
3867.jpg,Cosmetics and beauty products for achieving a nice slim body.
3879.jpg,Healthy herbal supplements for weight loss and fat prevention
3887.jpg,Royal blue salmon roe
3891.jpg,Homemade smoothie for safe weight loss
3895.jpg,Licorice root
3897.jpg,A natural smoothie for weight management and beauty.
3898.jpg,Sitokata   diet celery powder
3903.jpg,A glass of weight loss juice
3906.jpg,Sitokata Celery smoothie Cosmetics & Beauty
3910.jpg,Two smoothies for safe weight loss at home.
3911.jpg,Freeze dried celery powder for slim waist
3915.jpg,A juice for maintaining a good waistline at home
3923.jpg,A simple weight loss program for home
3929.jpg,Collagen supplement powder
3932.jpg,A belly fat tucking trick
3934.jpg,Cosmetics & Beauty products
3935.jpg,Homemade smoothie for health and beauty
3948.jpg,A fresh chilled Greek meal
3968.jpg,Limited edition high class apartment by Superworks
3972.jpg,An apartment with limited units available.
3975.jpg,Binh Phuoc ground project in the real estate market
3976.jpg,A 5 star hot mineral vacation package
3977.jpg,A house in Summit 216 Tran Duy Hung Nan
3978.jpg,Beachfront villas in Vietnam
3980.jpg,Vinh Yen Center City   A prime location near the Red River Resort.
3992.jpg,Tan Lan Residence super project for sale
3997.jpg,Quy Nhon Tower
3998.jpg,An Icon Plaza apartment in An Phu Thuan An Binh Duong with high end furniture.
4002.jpg,Bien Hoa City apartment masterpieces
4006.jpg,Invest in Hoa Lac hi tech park ground land
4012.jpg,A three bedroom alcove apartment on the 19th floor block A with a nice and cool east view.
4016.jpg,A river villa with a differential enhancement
4019.jpg,A real estate property listed for $3 million.
4020.jpg,Land adjacent to Phu My Hung urban area and near Binh Dien market in Binh Chanh
4027.jpg,High end condominium apartments with expansive gardens
4039.jpg,The Seoul Ecohome Project
4042.jpg,Binh Phuoc province
4043.jpg,Paragrus Beach House in Cam Ranh
4045.jpg,West Hanoi resort villa
4056.jpg,Service apartments in districts 1 2 4 and 7 for rent on a day basis in HCM.
4057.jpg,New phase of HomyLand Nguyen Duy Trinh apartment in District 2
4060.jpg,Land for sale in Chon Thanh provincial capital.
4061.jpg,Luxury apartments in La Partenza resort spa
4071.jpg,A block with a 6*50 facade and a ring 4 located in Phu My town.
4073.jpg,A house or apartment with a value of $1.6 billion
4074.jpg,Zhejiang offers a contract with a price of 1.6 billion.
4075.jpg,Cheap land by Long Hoàng Investment Nan.
4076.jpg,A two bedroom 77 square meter apartment with a Japanese garden view.
4077.jpg,A five star hotel suite
4079.jpg,Residential area near Dau Giay   Lien Khuong expressway
4081.jpg,A top grade apartment building in My Dinh
4086.jpg,A million dollar vision in a gold position
4087.jpg,A finished new house in Fine Lo Lu House District 9
4091.jpg,InterContinental Residences in Vietnam
4092.jpg,New Galaxy in Thu Duc university village
4093.jpg,Residential land near Tien Giang University
4098.jpg,130 shophouse and 300 apartments in District 8
4113.jpg,16 land plots adjacent to Aeon Mall Binh Tan
4114.jpg,A beautiful spiritual park in the North with a 5 star facility.
4119.jpg,Hoa Binh 5 star resort villas with hill views in Hu Yu ranging from 150 250m2 in area.
4123.jpg,A 500 square meter lot with a big street frontage.
4132.jpg,Chon Thanh Mien Dong National Highway 13 2020 ground project
4134.jpg,A garden villa in District 9 with a grand design
4135.jpg,A permanent beach land apartment in South Phan Thiet
4142.jpg,A suburban villa with a 5 star operating unit and a swimming pool.
4145.jpg,Missile residential area parcels and foundations for liquidation at 32 million/m2/villa
4147.jpg,A 2PN apartment in Millennium Tower Ha Dong district center.
4152.jpg,A $1.4 million apartment
4153.jpg,Residential land with frontage on DT 741 and adjacent to Vsip
4155.jpg,A first class My Dinh apartment across from the park and the 14ha air conditioning pond.
4158.jpg,An apartment priced at 1.1 billion in Thuan An.
4171.jpg,Angel Island   The Saigon Eye 726
4172.jpg,An island villa in Aquacity Phoenix
4174.jpg,Mui Ne Five Star Apartments
4175.jpg,An apartment near the Saigon River in Ho Chi Minh City.
4176.jpg,A house located 2 km from the market in Binh Chanh at Dinh Duc Thien intersection with Ben Luc Long Thanh expressway.
4179.jpg,Binh Phuoc land with a private rosette book and 42m frontage of national highway.
4184.jpg,Land in Dong Xoai City
4186.jpg,NovaWorld Investments real estate development project
4190.jpg,A beachfront apartment operated by Wyndham Group.
4193.jpg,A 5 star hotel suite at Mui Ne paradise with 126 utilities
4194.jpg,Residential land in the administrative center of Long Khanh
4202.jpg,Corner lots and foundations of Aeon Mall Missile Range at Flame Field   Aeon Mall Binh Tan.
4208.jpg,University Village Luxury Apartments Nan
4209.jpg,Residential land for sale in Da Lat City
4212.jpg,Intelligent furniture in apartments at National University Village
4213.jpg,Land in the center of Tu Son Bac Ninh at 26 million/m2 in Son Garden City Area.
4216.jpg,A luxurious apartment in Bien Hoa city with two bedrooms.
4220.jpg,The tallest and highest class apartment tower in Hai Duong City.
4221.jpg,A 5 story corner house in My Dinh with a 35 yard block and a 4m frontage.
4225.jpg,Can Tho Pedestrian zone shophouse project
4230.jpg,Four story penthouse in AquaCity Phoenix Island Division
4233.jpg,Coastal garden land with ready made registration.
4235.jpg,479 villas next to Ha Long Sunworld with a view of Ha Long Bay.
4236.jpg,Luxury exclusive DUPLEX apartment in the DIAMOND Building
4245.jpg,Real estate professionals
4247.jpg,A resort in Dugu Garden Ba Ria   Vung Tau
4248.jpg,The Astral City project
4249.jpg,Land in Tan Binh industrial park
4250.jpg,Sea Villa in Ho Tram
4265.jpg,Tran Tri Street apartment in District 2
4267.jpg,A one floor house with three rooms on Highway 13.
4269.jpg,Sen Tri Binh Yen Hoa Lac land plot
4270.jpg,A pink apartment at The Aston Luxury Residence on Tran Phu   Nha Trang street.
4271.jpg,Eco garden villa
4273.jpg,APB Cape second home view
4288.jpg,City land near Dong Phu North industrial zone and Hoan My hospital
4289.jpg,A commercial apartment priced at 22.5 million with a soft 1% monthly payment
4292.jpg,A product for enhancing the size of the chest.
4293.jpg,Dao Thi Supplement Non medical products
4298.jpg,Breast augmentation support tablets
4299.jpg,A product for improving breast size after birth and during girlhood.
4306.jpg,Breast enhancement and toning products
4309.jpg,Breast enhancement products for beautiful full and firm breasts
4310.jpg,A product for improving breast size and firmness at home.
4312.jpg,Breast enhancement products for natural beauty
4319.jpg,A jar of Bust Cream Dady & Company Nan
4328.jpg,A product for enhancing chest size in women in their 30s.
4330.jpg,Breast enhancement and skin enhancement products for naturally tight full bodied breasts
4332.jpg,A product for postpartum female body types.
4341.jpg,A enhance breast for women
4351.jpg,Postpartum breast toning products for home use.
4353.jpg,Herbal effervescent tablets for cystic fibrosis treatment
4354.jpg,Xiao Moc Vuong Commercial Banknotes
4356.jpg,Long lasting small breast enhancement product for postpartum women.
4362.jpg,A product for breast enlargement
4367.jpg,A product for improving the chest of women in their early 30s.
4368.jpg,Safe and natural breast augmentation products for women
4370.jpg,Safety products for catheter related nocturia hypertelorism and prostatic hyperplasia.
4371.jpg,Insurance benefits for couples with delayed pregnancies.
4376.jpg,A product that enhances breast size and appearance
4383.jpg,Hormonal support for sisters after 30
4387.jpg,Products for rejuvenating spring balancing hormones and improving tan.
4388.jpg,Gynecological inflammation products for long term improvement
4389.jpg,Breast augmentation drinks for women with short bad breasts.
4391.jpg,Non medication products for beautiful toned breasts.
4394.jpg,Touzuka extract Nan for a small degrading inner circle
4395.jpg,Inner ring sisters
4402.jpg,Jova 1st Ring Augmentation Nan
4403.jpg,Breast enhancement solution for small breasts
4405.jpg,Breast enhancement for woman
4414.jpg,Natural breast augmentation products
4417.jpg,QueenUp product for U40 women to improve hot flashes and nocturnal insomnia.
4430.jpg,A hand made pillow with a love message
4437.jpg,A Diamond mattress with an independent pocket spring structure
4438.jpg,An eight ball infrared massage pillow
4442.jpg,360 Easyr Laptop Rack
4450.jpg,A portable foldable iron
4451.jpg,Year end bedding with up to 50% discounts
4455.jpg,A technology 4.0 antique massage bed
4457.jpg,A premium Hilton pillow for healthful deep sleep
4460.jpg,Intelligent neoclassical bed by Luxcasa High Furniture Nan
4463.jpg,A sophisticated 4.0 nightlight starlight projector
4470.jpg,High quality neck massage pillows
4473.jpg,Yorokobi varicose anti vascular pillow Nan
4478.jpg,A mattress available for purchase during Xinh Mattress Birthday Week.
4479.jpg,A product to help babies sleep through the night without crying.
4480.jpg,Dragon massage pillow for neck pain relief
4484.jpg,TATANA Higher grade mattress
4485.jpg,Self expanding smart folding lamps
4489.jpg,A high end model massage mattress
4494.jpg,A Korean cotton Runa Kids anti reflux pillow Nan
4495.jpg,Tatana pillows
4500.jpg,A U shaped neck massage pillow
4508.jpg,Van Thanh 19k Neck Rubber Pillow
4512.jpg,A 9k pillow and a gas mattress with 50% off discount
4521.jpg,Sinus capsules with nanotechnology for sinusitis relief
4525.jpg,At home nasal irrigation for sinus relief with precious and natural herbs.
4528.jpg,A product for reducing symptoms of sinusitis and clearing sinus cavities.
4535.jpg,Sinusitis support for long term relief
4550.jpg,A product that assists in the restoration of the sense of smell and clears nasal passages
4560.jpg,Non drug products for sinusitis and chronic allergic rhinitis relief
4561.jpg,A product for sinusitis and allergic rhinitis that provides long lasting relief.
4567.jpg,Non drug products for safe at home use for long standing rhinitis and sinusitis.
4570.jpg,A product that assists in the relief of inflammatory and pain conditions.
4585.jpg,German technology Anti nasitis
4600.jpg,A product that assists in relieving nasal congestion sneezing and inflammation.
4608.jpg,SDT consultation for sinusitis and severe allergic rhinitis
4615.jpg,A product for sinusitis and chronic rhinitis.
4633.jpg,A method for eliminating anti inflammatory hot spots.
4655.jpg,A solution for severe sinusitis or allergic rhinitis
4686.jpg,A sparkling water
4728.jpg,A cure for atopic dermatitis
4730.jpg,Oral supplements for skin conditions
4746.jpg,Atopic dermatitis tablets
4757.jpg,Oral supplements for skin conditions
4762.jpg,Atopic dermatitis pills
4771.jpg,A cleaning product for peels
4791.jpg,Diamond White test and experiment product
4802.jpg,A solution for dark freckles and age spots on your face.
4803.jpg,Non drug products for atopic dermatitis
4814.jpg,Smart Women Non drug skincare products for healthy skin
4856.jpg,Gluwhite effervescent tablets
4871.jpg,Cedarfish collagen skin whitening pills
4887.jpg,Cerewhite chews for removing natural melasma
4910.jpg,A free childcare course
4917.jpg,An investment in your product that is not a medicine.
4923.jpg,Non drug products for improving learning abilities in 2 16 year old children.
4932.jpg,Lineabon D3 K2 product sleeping baby
4933.jpg,Height improvement support products
4935.jpg,A discounted product with no alternative
4945.jpg,Height increasing products for individuals under 35
4953.jpg,Tea to support children
4958.jpg,A developmentally delayed child
4962.jpg,Brain development pills for children.
4965.jpg,Non drug products trusted by mothers for daily excellence in just a month.
4976.jpg,Pregmom probiotic spores for improved digestion
4980.jpg,A height increasing product with precious ingredients from the Mediterranean Sea.
4982.jpg,A product that helps increase height using sea algae for children.
4990.jpg,G Brain Brain Development Pills
5006.jpg,Bonuses products for kids with learning difficulties
5014.jpg,Genuine milk mama Products
5015.jpg,Height enhancing tablets
5018.jpg,A safe height boost solution for individuals under 37 and under 5
5028.jpg,Bug repellent bug free home
5033.jpg,An effective mosquito capture device with a lifetime warranty.
5040.jpg,A three purpose vacuum cleaner
5041.jpg,A smart solution for neck and shoulder pain
5048.jpg,Famy KR10IQ HA 10 core Korean water purifier
5050.jpg,A stress dispersion product for reducing body fat
5051.jpg,A Hieu Intelligent Device Nan robot vacuum cleaner and launderer.
5067.jpg,Smart vacuum cleaners with a 60% off discount and two year warranties
5069.jpg,Masuto Fine Milling Nan
5077.jpg,A.I. 4.0 vacuum cleaners
5078.jpg,A 4.0 camera with continuous tracking capabilities.
5084.jpg,A three in one robot with two hands
5085.jpg,A universal knife sharpener
5095.jpg,A modern low cost vacuum cleaner for cleaning houses.
5104.jpg,A set of 49 smart home cleaning robot hut dusters
5111.jpg,A three tap vacuum cleaner cleaning a room.
5115.jpg,A set of 50 multi purpose clippers
5116.jpg,A mini vacuum cleaner for fresh food preservation.
5117.jpg,The Bowai vacuum cleaner
5118.jpg,Sweet rice cookers
5120.jpg,Masuto Smart Blender Nan
5129.jpg,Hi tech mosquito repellent
5134.jpg,A mini hand iron for quickly ironing clothes
5135.jpg,An Okoda mosquito netting machine
5141.jpg,A mosquito and pest control solution
5142.jpg,A food preservation machine
5144.jpg,An infrared massage pillow
5145.jpg,A micro iron for quick and efficient ironing.
5151.jpg,A portable vacuum cleaner
5152.jpg,A 3in1 Skinward+ cleanser
5154.jpg,A robot vacuum cleaner for cleaning your house.
5155.jpg,Roof balls with a 60% discount
5157.jpg,A knife sharpener
5160.jpg,A nine engine full body massage mattress
5165.jpg,A portable saw attachment for a drill
5166.jpg,A sugar free dessert for diabetes and obesity
5168.jpg,A three dimensional neck and shoulder massager.
5171.jpg,A water purifier
5179.jpg,A set of 50 ultra clean house cleaners with a 2 year renewal warranty
5184.jpg,A knife sharpening machine
5189.jpg,A vacuum cleaner mop for houses
5190.jpg,A high rated 2020 product that helps women save time on house cleaning
5201.jpg,A three function vacuum cleaner
5210.jpg,A product for treating kidney stones
5211.jpg,A non drug product for kidney stones less than 30 mm old.
5230.jpg,Non drug products for kidney stones gallstones and liver stones
5231.jpg,Gold Styrofoam Kidney Stone Oral Pill Non drug products
5235.jpg,Kidney stones and gallstones products
5237.jpg,A product for people with kidney stones and gallstones
5243.jpg,Products for reducing the size of kidney stones and gallstones.
5251.jpg,Health products for kidney stones and gallstones
5252.jpg,A product for gallstones and kidney stones.
5254.jpg,Kidney stones and gallstones
5258.jpg,Products for kidney stones and gallstones
5259.jpg,Genuine knitting needlework
5266.jpg,A genuine Gold Shilling Non drug product for persistent stone pain
5276.jpg,A product for treating kidney stones at home.
5286.jpg,Kidney stones and gallstones products.
5297.jpg,A product for kidney and gallstones less than 32 millimeters in size.
5298.jpg,A treatment for kidney stones and gallstones
5306.jpg,Products for kidney stones and gallstones
5316.jpg,Non medication products for improving kidney stones and gallstones.
5321.jpg,A Japanese scientific method for reducing blood fat liver fat cholesterol balance and blood pressure.
5324.jpg,Non medicinal products. Do not replace medicines.
5333.jpg,Colon read and do now
5336.jpg,Great Tall Products for height enhancement
5345.jpg,Article for advice
5352.jpg,A secret product for addressing symptoms such as fat liver enzymes numbness of the limbs headaches fatigue and high blood pressure.
5358.jpg,Safety products for catheter night hypertrophy and prostatic hyperplasia.
5361.jpg,Hasachi effervescent tablet
5364.jpg,A non drug product for stomach issues
5365.jpg,Great Tall specials for 5th birthday celebration
5369.jpg,A product for treating nocturia
5377.jpg,An effective blood fat pill with targeted technology.
5378.jpg,A simple method to combat blood fat liver fat atherosclerosis and hypertension.
5379.jpg,US imported tablets
5385.jpg,French puberty growth products for 5 20 year olds
5386.jpg,A product for relieving liver fat in people with high blood fat levels.
5401.jpg,A product for high blood pressure high liver enzymes insomnia poor appetite and numbness.
5404.jpg,Products for blood fat liver fat numbness fatigue and chest pain.
5405.jpg,Non drug products for colitis and gastritis
5406.jpg,A product for hoarseness shortness of breath cough sore throat.
5409.jpg,A product for people with cystic fibrosis
5414.jpg,10 20 millimeter gallstones
5421.jpg,Height improvement support products for free
5431.jpg,A method for increasing height for individuals under 35 and not yet 5
5432.jpg,Height enhancing tablets
5433.jpg,A product for firming and enhancing a large bust.
5444.jpg,Key to unlocking secrets
5446.jpg,Height improvement product
5448.jpg,Cystic Fibrosis Fumigation Tablets
5451.jpg,Height increasing device for home use
5456.jpg,A Japanese derived method for restoring black hair in just five minutes.
5460.jpg,Products for reducing high blood fat levels
5462.jpg,A height improvement product at no cost
5464.jpg,Sleep aid products
5469.jpg,A product for reducing blood fat levels and relieving symptoms such as hand foot numbness and dizziness.
5477.jpg,A five minute blood test for detecting cancer.
5479.jpg,Diabetes management products
5482.jpg,Height enhancing tablets
5487.jpg,A non drug substitute for long term blood loss with eye pain dizziness liver enzymes numbness of limbs loss of appetite and insomnia.
5489.jpg,Long term fat and liver fat causing dangerous complications.
5491.jpg,Height enhancing tablets
5496.jpg,Height increase exercise program for individuals under 30.
5503.jpg,Height improvement product
5510.jpg,Furniture design and 3D modeling skills
5523.jpg,Free English classes for six months
5528.jpg,A free English course for serious learners
5531.jpg,Graphic design on real products
5546.jpg,Mr.WE Specialist Three day intensive classes
5550.jpg,A free English course in the English for Community program
5558.jpg,A reliable and effective home tutor
5559.jpg,A free 2016 Powerpoint tutorial
5577.jpg,A real world program with experts and effective strategies
5579.jpg,Online Excel course
5583.jpg,Interactive learning and lecture videos for French Intermediate Online courses.
5591.jpg,A comprehensive swimming course for all ages designed to conquer the Japanese curriculum.
5595.jpg,IELTS English training for 30 hardworking determined people.
5601.jpg,An English class for 15 students
5608.jpg,Essay skills practice and strategies for success
5614.jpg,English STEAM Integrated Program for children aged 5 6
5640.jpg,N5 basic Japanese course
5641.jpg,ActionCOACH Business Owner
5651.jpg,3 month short term course for junior college students in tourism and hotels
5681.jpg,Eyelash growth enhancers
5683.jpg,Korean son brand agent and collaborator for Coringco
5692.jpg,Cosmetics & Beauty products
5697.jpg,Hair Growing Maintenance Ingredient
5698.jpg,CC Cream Vanesa cosmetics
5699.jpg,Korean hair dye pens for quick and easy black hair in five minutes.
5703.jpg,Coringco M05 Ruby Cosmetics & Beauty
5705.jpg,A three color lip gloss set
5717.jpg,A set of lead free natural Zenny lip gloss in 15 different colors
5748.jpg,General preparation classes at the Preparation Training Center
5754.jpg,Investment guides for newcomers from The Academy of Investing Education and Training.
5761.jpg,A set of 25 English classes
5771.jpg,Professional graphic design course
5772.jpg,Car driving courses in HCMC
5779.jpg,University enrollment for in service study system
5788.jpg,Kindy City with 12 facilities covering HCMC
5808.jpg,IELTS English class
5812.jpg,An online finance course by FC Institute
5815.jpg,An English class for serious study
5823.jpg,A free online course
5840.jpg,Facebook Marketing course
5859.jpg,Vietnamese language education for first grade students
5864.jpg,A Japanese language course for N5 students preparing to study in Japan.
5865.jpg,Programming games
5874.jpg,Phone repair training courses
5875.jpg,Enrollment targets of full time universities in 2020
5877.jpg,Mobile phone repair course
5881.jpg,A free phone repair course requiring only a full education
5891.jpg,Viet Giao vocational school specializing in kitchen tourism and hospitality studies.
5909.jpg,Free English classes tuition fees course for 2020 2021.
5914.jpg,GSock watches
5915.jpg,A survey on the need for human resource training in your organization.
5922.jpg,A program for learning 3D character drawing in nine months
5925.jpg,International transitional program information festival
5926.jpg,Three free original English classes
5936.jpg,Math 1 education and training according to the latest general education program.
5948.jpg,Safe weight loss drinks
5966.jpg,Cosmetics and beauty products for getting in shape.
5974.jpg,Sitokata Celery powder for weight loss benefits
5980.jpg,Loc Earth from TH milk boxes
5986.jpg,A bottle of weight loss water
6005.jpg,Celery juice for weight loss
6018.jpg,Celery juice for reducing belly fat and fat buildup in women.
6025.jpg,Safe and effective non drug products for boosting confidence and well being
6031.jpg,Thai Nguyen green tea
6033.jpg,Water purifiers from Eco248.com Nan
6034.jpg,Sitokata Celery smoothie
6035.jpg,Waist and thighs reduction for women
6038.jpg,The finest tea from Xinjiang Blue Limited Liability Company Nan.
6053.jpg,Sitokata   a slim waist with a rosy complexion.
6058.jpg,Effective home weight loss product
6083.jpg,Sitokata Celery powder Vietnamese women
6095.jpg,Xinjiang tea with shrimp and leaf
6117.jpg,A stainless steel chef
6119.jpg,A multi purpose charcoal grill
6120.jpg,A set of high end six piece knives
6123.jpg,A high quality stainless steel chef
6124.jpg,A portable stove for cooking fish and meat.
6126.jpg,A 304 stainless steel cutting board
6128.jpg,A stainless steel cutting board
6133.jpg,A high end six piece knife set with precision grip.
6134.jpg,A sharp knife cutter that can be sharpened in seconds with a knife sharpener.
6145.jpg,Jigsaw Brushes Heads Curved Edge and Jigsaw Brushes Robot
6153.jpg,A stainless steel cutting board
6158.jpg,304 stainless steel cutting boards
6160.jpg,A stainless steel cutting board with highlighting technology for precise cutting and durability.
6166.jpg,A portable and ultra fast six piece knife.
6170.jpg,A six piece kit with a 12 month warranty and 15 day innovation.
6173.jpg,A high performance vacuum cleaner with up to 95% suction power.
6181.jpg,A genuine 304 stainless steel cutting board
6187.jpg,A high quality stainless steel cutting board
6191.jpg,304 stainless steel furniture for a healthy and safe home
6199.jpg,A stainless steel cutting board
6201.jpg,A vacuum machine for removing odors from food
6206.jpg,A compact Smart Cup
6215.jpg,LAVENDA kitchen appliances for easy blending of foods meat shrimp crab fish smoothies and ice cubes.
6219.jpg,A stainless steel cutting board
6221.jpg,Foodcom stainless steel cutting board
6222.jpg,A kitchen appliance being cleaned with long term osmosis and dissolution technology.
6224.jpg,A versatile knife sharpener machine
6225.jpg,A SUS 304 stainless steel cutting board
6234.jpg,20 free English language courses for one year
6237.jpg,An original English class with a new teaching method.
6240.jpg,English classes with sponsored tuition fee and 41 students
6248.jpg,English classes for improving listening speaking reading and writing skills.
6249.jpg,Japanese language course at Sakura Japanese
6251.jpg,A high quality and efficient course with ultralow tuition
6264.jpg,Three English classes
6267.jpg,25 English tutors for her English class
6275.jpg,English courses with a 40% discount
6281.jpg,Free English class in December for 15 students.
6282.jpg,Low cost English lessons during the golden hour at a campus in District 3.
6289.jpg,A full serious learning center for English language learners.
6292.jpg,Free English classes for weak average and original students
6305.jpg,English scholarship with 70% tuition priority
6309.jpg,70 scholarships for free English lessons
6319.jpg,An English class for 24 students.
6322.jpg,English classes
6338.jpg,A free English course for the bereaved.
6351.jpg,GRO   V1 Fashion Helmet
6352.jpg,Waterproof tape for roof leaks and wall cracks
6363.jpg,New generation Bluetooth earbuds
6364.jpg,A Fluke 62 Max infrared thermal gun with five 3M electrical insulators.
6369.jpg,An orthopedic belt for back pain and scoliosis.
6373.jpg,A low power heavy transferor.
6378.jpg,A roll of waterproof tape for walls
6380.jpg,Japanese domestic dehumidifiers and air purifiers
6393.jpg,A roll of duct tape for packing and punching barrels.
6405.jpg,The heating line the drying line the silicon heat self regulating system
6410.jpg,Maintenance and advisory services for welding equipment.
6411.jpg,Iron cutters for drilling
6412.jpg,Silver nanoparticles (Ag+)
6416.jpg,AOMAI TEAT VND 65000 fire lighter
6419.jpg,Spare parts for XGMA Liugong SDLG Longkin Changlin XCMG flotation and vibration driven excavators.
6424.jpg,Chemical resistant compact sheets for laboratory tables
6426.jpg,Bulong Neo machining
6433.jpg,A facial lift for professional skin care at home.
6434.jpg,Packaging bags for online sellers and e commerce platforms
6435.jpg,Products for carrying heavy stuff without pain or effort.
6436.jpg,A versatile mini car wash system
6438.jpg,High quality bathroom shelving with an exquisite design and modern material.
6440.jpg,Kingkong SK 111   interior tiling solutions
6441.jpg,Water sprinklers for cleaning cars yards and barns
6446.jpg,Assorted stainless steel 304 splinters in U V and T shapes for interior decoration.
6447.jpg,A new 48 headed wrench of quality
6448.jpg,The first triple function trimmer
6450.jpg,An electric winch by Palang Electric.
6451.jpg,A hearing protection device for noisy environments
6459.jpg,Pliable and odd compact plates
6460.jpg,A mini car wash with 200bar pressure and 2300W capacity.
6466.jpg,A solder hat
6470.jpg,A family well water filter with 3 filter columns and a 20in stopper.
6471.jpg,A lightweight moving unit for beds and closets
6474.jpg,A weight locator with exclusive benefits
6475.jpg,A set of snowflake shaped versatile wrenches
6486.jpg,Powerknee support for easy bending and standing lower risk of knee injury.
6490.jpg,Musang King Goose fruit seeds
6493.jpg,Malaysian durian in 1000 trays
6505.jpg,A slice of Musang King durian
6507.jpg,Musang King durian at a large discount
6518.jpg,Durian MusangKing from Malaysia at 40% off
6530.jpg,Malaysian durian cakes with thin seeds
6533.jpg,Trays of MusangKing durian sweet and savory F99 fruits
6536.jpg,A product for Vietnamese Women
6543.jpg,A Diricho King dessert package with 50 gourmet desserts
6544.jpg,Musang King Sweet fruit
6549.jpg,Fresh Malaysian Musang
6555.jpg,Genuine Malaysian Durian
6556.jpg,Golden rice with thin fragrant tender and smooth grains
6564.jpg,Sầu Musang King yellow rice
6569.jpg,Musang King melanies
6575.jpg,Brazilian cherry F1 seedling
6576.jpg,durian fruits.
6592.jpg,Golden rice with thin grains and fluffy meat.
6595.jpg,Musang King durian with traditional flavor
6596.jpg,Famous Malaysian Musang King Sweet rice
6601.jpg,MuSang King durian
6604.jpg,A delicious Musang King dessert
6606.jpg,Huge discounts on various products.
6608.jpg,Musang King durian
6611.jpg,Musang King durian
6613.jpg,Musang King golden rice
6621.jpg,A non drug product for improving hoarseness and shortness of breath caused by vocal fiber particles.
6622.jpg,Oral supplement of alkapil Khang for asthma
6633.jpg,A product for sore throats and tonsillitis
6639.jpg,Non medication products for hoarseness pharyngitis and tonsils.
6641.jpg,Products for asthma pharyngitis and bronchitis management.
6659.jpg,A product for pneumonia and bronchitis treatment.
6677.jpg,High end luxury telescopes with scratch resistant break resistant and UV resistant features.
6678.jpg,Premium sunglasses for daytime and nighttime.
6681.jpg,A prototype of super poisonous unisex sunglasses
6682.jpg,The latest 2020 summer wear model
6689.jpg,A foldable telescopic sight
6693.jpg,2020 latest color changing glasses
6695.jpg,A fashion radius for gentlemen with Vinamart smart device technological equipment
6697.jpg,Anti glare lenses for fishing
6698.jpg,A brand new pair of designer glasses
6702.jpg,30 high end designer sunglasses
6705.jpg,A pair of luxury senior glasses with UV protection and high end telescopes.
6710.jpg,Stained glass nightglasses sun glasses and color changing sunglasses for men.
6711.jpg,Buy one get one free offer
6714.jpg,A high end mini table designed to prevent back curve.
6715.jpg,A compact indoor mobility solution for the elderly
6720.jpg,Peacock feathers for home decoration
6721.jpg,A 100% free design package for your home
6723.jpg,A leather sofa bed with dimensions 1.7m x 0.85m
6724.jpg,A desk sofa
6729.jpg,Plastic shelves and tables from the New Zealand plastic cabinet store.
6742.jpg,Office furniture
6744.jpg,A smart folding desk made of natural wood.
6752.jpg,A European style high end desk clock
6755.jpg,High quality low cost furniture below market value.
6760.jpg,New Korean wallpaper
6761.jpg,High end curtains
6762.jpg,Electrical cabinet decoration shelves   TH01
6764.jpg,Maitreya sculptures made from 100% cypress wood
6765.jpg,A set of parents gratitude wall paintings
6775.jpg,Buffalo and wine casks
6776.jpg,A collection of new yard bricks
6779.jpg,PVC panels including nano panels wave panels pseudo stone panels and outdoor panels.
6786.jpg,Artius interior replacement for your house
6790.jpg,Smart tatami beds by Luxcasa High Furniture Nan
6799.jpg,Bronze paintings bronze drums statues altarpieces and gold inlays made by Le Gia High Bronze.
6803.jpg,A two in one couch and bed with multiple automatic settings
6805.jpg,A luxurious and classy walnut sideboard with natural wood marbling.
6809.jpg,A 2 story stone faced shelving unit
6812.jpg,Specialist in interior installation of home lifts
6816.jpg,A full service Acrylic kitchen cabinet
6818.jpg,A grade 4 house with an area of 120 m2 and three bedrooms
6825.jpg,A 3D wall painting
6829.jpg,A high quality ceramic table Nan
6844.jpg,A Cotton Korea 100% anti reflux pillow for kids by Runa Kids.
6845.jpg,Stone faced dining table
6850.jpg,Fine cookware quality goods
6861.jpg,A luxury interior suite for two bedrooms made of 100% MDF An Qing.
6868.jpg,A Zavado Senior Office Chair
6870.jpg,European style polar feather mattresses
6881.jpg,Interior design solutions at Artius
6884.jpg,New imported pine pallet box treated with termites.
6900.jpg,A calendar as a necessary end of year gift
6908.jpg,Supply of office and home furnishings
6916.jpg,A smart portable desk that can be raised when needed.
6918.jpg,Enhanced glass doors and steel doors with wood grain.
6929.jpg,A transportation and exchange table for all houses in the 12th hamlet of Hai Anh commune Hai Hau district Nam Dinh province.
6935.jpg,Boxes of Hamomax for people with fatty liver and blood fats.
6940.jpg,Non drug products for home treatment of Hepatitis
6947.jpg,Hasach fizzy for stabilization in people with lipoatrophy
6950.jpg,Products for liver health
6953.jpg,A product that helps reduce fat detoxify the liver cleanse the body and prevent complications.
6962.jpg,An easy method for loved ones with liver problems.
6980.jpg,A new light for fat liver.
6990.jpg,Hepatocyte protective pills
6997.jpg,An immediate method to manage high blood pressure and high liver enzymes.
6998.jpg,A method for managing hyperlipidemia and reducing cardiovascular risk.
7006.jpg,A product for liver health and protection.
7029.jpg,Vietnamese Herbal Breakthrough Non medication products for liver disease
7034.jpg,Non medication products for gas elevated liver enzymes jaundice fatigue loss of appetite.
7041.jpg,Non drug products for liver health
7046.jpg,Cholesdios blood fat tablets for chest pain numbness of limbs and fat complications.
7050.jpg,A box for people with high blood pressure and high liver enzymes.
7053.jpg,Clinically verified product
7056.jpg,A product for blood fat and liver fat reduction.
7065.jpg,Radical pitted scar treatment using modern laser technology from the United States
7086.jpg,Melasma treatment for skin lightening and relapse inhibition
7091.jpg,Queen face skin care
7105.jpg,Massage for pregnant women offered by Fami Spa
7114.jpg,A natural chemical exfoliant for smooth and clean skin.
7131.jpg,Pregnancy technology experience for pregnant women in Ho Chi Minh City
7140.jpg,Macon Beauty Spa
7150.jpg,Eliminate dark eye circles quickest 10 registration
7156.jpg,Nails Hair and Spa services in Vietnam
7157.jpg,Tattooed eyebrows lips and eyelids
7160.jpg,Total body fat reduction package
7181.jpg,Bikini and underarm hair removal services with a 50% discount.
7191.jpg,Manicures hair dandruff treatment and facial care services
7195.jpg,Standard Korean technology beauty treatments at Thera Beauty Spa.
7217.jpg,Hair care products for men with male actinic baldness
7218.jpg,Dana services with up to 50% discount
7223.jpg,HTS tattooing vouchers for inked eyebrows and eyelids
7239.jpg,Massage therapy combined with wormwood therapy for neck and back pain relief.
7243.jpg,IPL hair removal sessions
7247.jpg,High tech aesthetic tattooing cosmetics for eyeliner and eyebrows.
7252.jpg,A free consultation for melanoma
7254.jpg,Acne cosmetics   South Korea
7267.jpg,A product for colonitis stomach and irritable bowel syndrome.
7271.jpg,Non drug products for stomach problems
7274.jpg,Nhuan Trang BT capsule for gastrointestinal support
7275.jpg,Natural remedies for stomachache reflux and HP.
7276.jpg,A product for relieving stomach pain and colitis without any expenses or drugs.
7283.jpg,A product for irritable bowel syndrome
7290.jpg,Herbal medicine for stomachache and ulcers
7295.jpg,Dai Trang Khang oral tablet
7302.jpg,Colon health Non medication products
7314.jpg,Colmin Colon   A product for gastrointestinal health.
7317.jpg,YaKuMi stomach tablets
7327.jpg,Almin Colonic Extract
7330.jpg,Colmin Colon Non drug products
7340.jpg,Vitos stomach support tablets
7346.jpg,Non drug products for gastroesophageal reflux and chest to neck pain.
7356.jpg,Colonitis and its complications
7365.jpg,A bottle for combating body odor
7378.jpg,Navin Armpit Spray
